Date,Close,HL_PCT,PCT_change,Volume,label
2018-06-13,455.0,22.835164835164832,13.750000000000002,1529232.0,486.0
2018-06-14,438.0,10.50228310502283,-6.609808102345416,148388.0,479.65
2018-06-15,420.0,5.273809523809518,-3.53697749196141,116467.0,479.5
2018-06-18,411.0,5.243309002433093,-2.6066350710900474,88873.0,471.0
2018-06-19,412.5,5.600000000000006,0.6834268977300492,63138.0,471.75
2018-06-20,415.85,2.4287603703258305,0.22897083634611848,26893.0,458.0
2018-06-21,440.0,6.306818181818182,5.037001671043214,62802.0,471.85
2018-06-22,487.8,9.307093070930703,9.372197309417043,102359.0,492.7
2018-06-25,486.0,5.679012345679017,0.2061855670103093,66306.0,496.0
2018-06-26,479.65,3.836130511831539,-1.387746710526316,22446.0,503.4
2018-06-27,479.5,5.954118873826905,-2.142857142857143,33255.0,521.0
2018-06-28,471.0,4.819532908704881,-1.7726798748696557,34134.0,529.5
2018-06-29,471.75,1.558028616852151,0.15923566878980894,21201.0,542.9
2018-07-02,458.0,4.836244541484711,-2.17855617257582,20416.0,579.0
2018-07-03,471.85,3.7829818798346855,3.2268650185954937,8315.0,590.2
2018-07-04,492.7,3.7954130302415243,3.4432080621457013,12570.0,570.0
2018-07-05,496.0,2.4193548387096775,0.6697787700426245,9509.0,558.0
2018-07-06,503.4,3.25784664282876,0.6799999999999955,24950.0,557.1
2018-07-09,521.0,3.071017274472158,2.559055118110236,20271.0,572.9
2018-07-10,529.5,11.142587346553352,0.0945179584120983,53263.0,574.6
2018-07-11,542.9,3.702339289003504,2.9975336748245027,20061.0,592.0
2018-07-12,579.0,6.13126079447323,6.531738730450782,35970.0,600.0
2018-07-13,590.2,5.709928837682149,1.7586206896551801,50670.0,37.1
2018-07-16,570.0,7.57894736842106,-3.225806451612903,54220.0,38.235
2018-07-17,558.0,7.060931899641573,-2.293818945893893,24384.0,38.135
2018-07-18,557.1,3.895171423442837,0.1978417266187091,12641.0,577.0
2018-07-19,572.9,4.1368476173852216,2.854578096947931,20914.0,546.4
2018-07-20,574.6,6.334841628959271,0.2792321116928486,22628.0,527.0
2018-07-23,592.0,3.7162162162162162,1.8757528824642877,18435.0,524.9
2018-07-24,600.0,0.6666666666666667,0.33444816053511706,16487.0,544.2
2018-07-25,37.1,1.8194070080862454,0.9661178391618017,3064833.0,540.0
2018-07-26,38.235,2.7330979469072885,2.506702412868639,4464966.0,547.0
2018-07-27,38.135,1.402910711944399,-0.14401675831369395,2995030.0,546.2
2018-07-30,577.0,1.733102253032929,-1.3675213675213675,15652.0,549.0
2018-07-31,546.4,6.844802342606146,-4.973913043478265,44728.0,546.6
2018-08-01,527.0,5.692599620493358,-5.045045045045045,21452.0,548.3
2018-08-02,524.9,3.2387121356448847,0.1526426254531491,11307.0,551.0
2018-08-03,544.2,4.740904079382571,3.263757115749534,5541.0,534.5
2018-08-06,540.0,2.5925925925925926,-1.9785805046287852,5308.0,530.4
2018-08-07,547.0,1.992687385740398,1.0903714655331689,5906.0,527.8
2018-08-08,546.2,1.6843647015745231,0.5893186003683325,4387.0,540.0
2018-08-09,549.0,1.4025500910746689,0.3656307129798903,3674.0,548.1
2018-08-10,546.6,2.5612879619465785,-0.9782608695652133,2513.0,568.0
2018-08-13,548.3,2.3709648002918113,0.605504587155955,3394.0,607.2
2018-08-14,551.0,3.21234119782215,0.0,6707.0,600.9
2018-08-15,534.5,4.246959775491101,-3.3453887884267632,6760.0,616.6
2018-08-16,530.4,1.8853695324283561,-0.8598130841121537,8129.0,617.0
2018-08-17,527.8,1.269420234937485,-0.6213519111278607,3463.0,614.0
2018-08-20,540.0,2.759259259259255,1.8675721561969398,9947.0,602.9
2018-08-21,548.1,1.933953658091593,0.9392265193370207,12381.0,604.0
2018-08-22,568.0,3.2042253521126844,-1.1486251305255868,31713.0,609.0
2018-08-23,607.2,8.069828722002633,5.288711635165597,51308.0,615.0
2018-08-24,600.9,3.295057413879174,-1.9738988580750443,14128.0,615.7
2018-08-27,616.6,3.178722024002598,1.8500165180046328,19025.0,629.0
2018-08-28,617.0,2.0421393841166973,-0.676110753380561,14125.0,644.8
2018-08-29,614.0,1.9543973941368076,-1.76,8508.0,691.9
2018-08-30,602.9,2.3221098026206666,-1.567346938775514,8369.0,682.0
2018-08-31,604.0,1.490066225165563,0.1990710019907176,7937.0,738.2
2018-09-03,609.0,1.412151067323485,0.3460207612456785,8686.0,650.0
2018-09-04,615.0,2.585365853658533,0.9852216748768473,12276.0,615.0
2018-09-05,615.7,2.777326620107199,-0.37216828478963665,24405.0,589.0
2018-09-06,629.0,2.8616852146263914,2.1103896103896105,18579.0,629.9
2018-09-07,644.8,5.17990074441687,0.7499999999999929,108579.0,649.0
2018-09-10,691.9,8.874114756467694,6.446153846153843,59415.0,633.9
2018-09-11,682.0,3.02052785923754,-1.729106628242075,24309.0,626.2
2018-09-12,738.2,10.566242210782985,7.312109318214867,76035.0,642.5
2018-09-13,650.0,14.27692307692307,-4.552129221732746,493265.0,658.8
2018-09-14,615.0,8.292682926829269,-5.0632911392405,120052.0,662.0
2018-09-17,589.0,6.4176570458404,-3.1568562972706418,221944.0,684.7
2018-09-18,629.9,6.4613430703286125,6.907671418873036,68067.0,703.0
2018-09-19,649.0,3.0200308166409897,2.060072338417994,65037.0,720.0
2018-09-20,633.9,4.227796182363141,-2.776073619631905,53812.0,720.4
2018-09-21,626.2,4.167997444905784,-1.136722450268382,31641.0,702.2
2018-09-24,642.5,4.638132295719837,1.984126984126984,45954.0,682.0
2018-09-25,658.8,2.550091074681232,1.4162561576354573,60071.0,656.8
2018-09-26,662.0,5.845921450151064,-0.39121275955462276,35966.0,627.5
2018-09-27,684.7,4.162406893530013,3.6011499470419226,42706.0,615.3
2018-09-28,703.0,2.930298719772407,0.5003573981415297,55281.0,580.2
2018-10-01,720.0,2.388888888888895,1.8387553041018387,45557.0,547.5
2018-10-02,720.4,3.317601332593001,0.7975374282915813,54366.0,573.3
2018-10-03,702.2,3.9447450868698275,-2.823138665928588,66460.0,556.2
2018-10-04,682.0,4.912023460410557,-3.0423656525447793,53637.0,584.4
2018-10-05,656.8,6.272838002436061,-3.3975584644800745,68294.0,602.4
2018-10-08,627.5,4.509960159362542,-3.81667688534641,67106.0,599.0
2018-10-09,615.3,7.069722086786934,-2.872928176795587,116910.0,609.8
2018-10-10,580.2,6.825232678386767,-6.2227250686924185,100369.0,622.3
2018-10-11,547.5,8.200913242009127,-3.609154929577465,181798.0,560.0
2018-10-12,573.3,6.9771498342926925,0.22727272727271933,94254.0,545.9
2018-10-15,556.2,5.50161812297735,-2.931937172774861,56984.0,554.1
2018-10-16,584.4,5.355920602327185,5.297297297297293,74082.0,519.3
2018-10-17,602.4,3.087649402390442,0.7357859531772537,67884.0,540.0
2018-10-18,599.0,5.759599332220367,0.11699816145747041,61522.0,545.0
2018-10-19,609.8,3.460150869137426,0.9602649006622441,67335.0,571.1
2018-10-22,622.3,2.297927044833674,1.8994596364827099,59214.0,574.6
2018-10-23,560.0,9.94642857142858,-6.666666666666667,103864.0,581.0
2018-10-24,545.9,5.953471331745741,-3.6873676781933624,87759.0,565.5
2018-10-25,554.1,4.926908500270722,2.6111111111111156,64673.0,580.9
2018-10-26,519.3,7.89524359715001,-4.715596330275237,147092.0,609.1
2018-10-29,540.0,4.203703703703691,2.137317949687905,59115.0,599.7
2018-10-30,545.0,4.935779816513757,-0.5474452554744526,49314.0,583.5
2018-10-31,571.1,5.305550691647689,3.1052536558945745,78039.0,573.3
2018-11-01,574.6,3.4806822137138878,0.5248425472358292,57200.0,592.3
2018-11-02,581.0,3.5111876075731456,-0.6837606837606838,63004.0,536.3
2018-11-05,565.5,4.173297966401419,-3.0183501972217495,43690.0,513.0
2018-11-06,580.9,2.8748493716646664,2.109333802074178,43983.0,507.5
2018-11-07,609.1,4.268593006074536,3.9419795221843046,65051.0,470.0
2018-11-08,599.7,3.985325996331495,-2.0897959183673396,77264.0,436.05
2018-11-09,583.5,3.221936589545836,-0.08561643835616438,56946.0,439.45
2018-11-12,573.3,3.5583464154892885,-2.5497195308516063,36389.0,426.95
2018-11-13,592.3,3.4104339017389727,3.278116826503916,45918.0,437.0
2018-11-14,536.3,4.997203057989923,-2.490909090909099,233761.0,455.2
2018-11-15,513.0,7.524366471734897,-5.175600739371535,125137.0,452.5
2018-11-16,507.5,6.118226600985213,-1.6472868217054266,72000.0,453.05
2018-11-19,470.0,11.117021276595745,-7.498523912615632,90247.0,461.2
2018-11-20,436.05,7.315674807934864,-4.584245076586431,197086.0,457.05
2018-11-21,439.45,3.8457162362043413,0.12531328320802265,93504.0,469.8
2018-11-22,426.95,5.632978100480153,-2.9659090909090935,65227.0,450.95
2018-11-23,437.0,3.9931350114416455,2.3299379463762997,67910.0,446.7
2018-11-26,455.2,4.481546572934969,2.1773288439955083,70492.0,438.7
2018-11-27,452.5,2.994475138121537,-1.092896174863388,90080.0,450.0
2018-11-28,453.05,2.4169517713276654,-0.744878957169455,25535.0,440.65
2018-11-29,461.2,2.2875108412836105,-0.10829542993285683,57613.0,457.05
2018-11-30,457.05,2.603653867191768,-1.3064133016627102,58521.0,450.05
2018-12-03,469.8,2.1924223073648386,0.20262344033272656,68668.0,462.0
2018-12-04,450.95,4.146801197472014,-3.581355569809707,38506.0,455.4
2018-12-05,446.7,3.8504589209760445,1.2925170068027185,67888.0,453.1
2018-12-06,438.7,3.134260314565763,-0.07971757203052562,77678.0,437.7
2018-12-07,450.0,2.944444444444444,0.4464285714285714,54299.0,443.3
2018-12-10,440.65,3.4494496766140905,-0.49678220616462576,73610.0,420.65
2018-12-11,457.05,4.408708018816317,2.4775784753363257,51214.0,428.2
2018-12-12,450.05,4.33285190534385,-2.786478021384594,69850.0,411.0
2018-12-13,462.0,4.318181818181816,2.2010839508903857,52739.0,444.25
2018-12-14,455.4,2.1299956082564755,-0.3937007874015773,37410.0,464.4
2018-12-17,453.1,2.39461487530347,0.4210992907801494,46543.0,475.05
2018-12-18,437.7,4.363719442540545,-2.1571476472560707,76211.0,470.9
2018-12-19,443.3,3.8461538461538485,3.093023255813956,45071.0,463.05
2018-12-20,420.65,4.707001069772973,-1.9463869463869516,89701.0,500.0
2018-12-21,428.2,5.382998598785604,3.8816108685104322,276971.0,531.2
2018-12-24,411.0,2.5790754257907595,-2.2475918658580065,12850.0,569.9
2018-12-27,444.25,5.548677546426557,5.359895648049336,82690.0,570.6
2018-12-28,464.4,3.574504737295428,2.189459786555174,54523.0,552.0
2018-12-31,475.05,2.0208399115882587,1.6367137355584156,17751.0,551.0
2019-01-02,470.9,2.79252495221915,0.1914893617021228,39255.0,547.0
2019-01-03,463.05,2.7966742252456513,-0.419354838709675,43744.0,563.4
2019-01-04,500.0,6.979999999999996,5.842506350550386,60480.0,574.0
2019-01-07,531.2,3.0308734939759074,1.5678776290631062,101510.0,588.0
2019-01-08,569.9,6.299350763291802,6.563201196709055,161551.0,618.1
2019-01-09,570.6,2.7164388363126535,-0.5230125523012552,61697.0,636.0
2019-01-10,552.0,3.8586956521739046,-0.7907979870596653,76563.0,642.6
2019-01-11,551.0,1.6333938294010888,-0.7207207207207207,61106.0,652.5
2019-01-14,547.0,2.4862888482632584,0.27497708524289644,39307.0,664.0
2019-01-15,563.4,2.5381611643592596,2.2504537205081627,34975.0,663.8
2019-01-16,574.0,2.108013937282234,1.592920353982301,45516.0,642.6
2019-01-17,588.0,3.4013605442176873,2.243088158581112,78929.0,654.9
2019-01-18,618.1,3.4945801650218447,3.413083486699009,86340.0,646.5
2019-01-21,636.0,2.515723270440252,1.9230769230769231,61579.0,647.7
2019-01-22,642.6,2.6766262060379775,2.048594568842302,59563.0,630.0
2019-01-23,652.5,5.808429118773961,3.080568720379147,105196.0,653.8
2019-01-24,664.0,2.033132530120482,0.9732360097323567,70369.0,655.2
2019-01-25,663.8,5.453449834287443,-1.3816669142772349,107788.0,661.0
2019-01-28,642.6,5.648926237161524,-2.6363636363636327,66576.0,643.0
2019-01-29,654.9,3.7715681783478465,2.5685199686765823,115260.0,639.1
2019-01-30,646.5,5.2281515854601635,-0.5384615384615384,61893.0,650.0
2019-01-31,647.7,2.2386907518913075,-0.35384615384614687,58069.0,650.9
2019-02-01,630.0,2.492063492063499,-0.9589687156107566,87582.0,652.1
2019-02-04,653.8,1.789538085041304,1.270136307311018,59025.0,661.0
2019-02-05,655.2,1.938339438339445,0.15285845307245488,48600.0,664.0
2019-02-06,661.0,2.012102874432671,0.6701187937861677,52951.0,675.5
2019-02-07,643.0,3.3437013996889577,-2.8260541030678623,51131.0,677.2
2019-02-08,639.1,3.0198716945705004,-0.14062499999999645,53413.0,678.5
2019-02-11,650.0,1.4153846153846223,0.3861003861003861,37622.0,661.6
2019-02-12,650.9,3.011215240436323,-1.825037707390652,66646.0,670.0
2019-02-13,652.1,2.3155957675203225,-0.2294981640146879,48575.0,671.4
2019-02-14,661.0,2.0574886535552053,0.60882800608828,56299.0,672.6
2019-02-15,664.0,2.1536144578313188,0.40828670799940203,54383.0,659.0
2019-02-18,675.5,2.3094004441154734,1.2743628185907045,32578.0,660.0
2019-02-19,677.2,2.008269344359129,0.029542097488928432,50153.0,655.6
2019-02-20,678.5,2.019159911569629,-0.1177682908876718,44258.0,644.3
2019-02-21,661.6,3.718258766626364,-2.5625920471281263,50358.0,644.0
2019-02-22,670.0,1.671641791044783,1.361573373676248,52148.0,633.8
2019-02-25,671.4,1.9362526064938934,-0.029779630732585684,55297.0,632.3
2019-02-26,672.6,1.650312221231047,0.23845007451565167,66427.0,640.0
2019-02-27,659.0,11.623672230652508,-7.052186177715091,221784.0,656.2
2019-02-28,660.0,3.242424242424239,0.7633587786259541,734221.0,623.9
2019-03-01,655.6,3.2641854789505755,-1.8562874251496972,103122.0,664.0
2019-03-04,644.3,3.414558435511408,-2.378787878787886,87818.0,679.3
2019-03-05,644.0,3.7267080745341614,-0.5098099799165695,112664.0,659.3
2019-03-06,633.8,2.477122120542765,-1.7364341085271389,60357.0,671.3
2019-03-07,632.3,1.8820180294164128,0.3491509284240488,70783.0,680.0
2019-03-08,640.0,3.4062499999999925,2.4,72657.0,677.1
2019-03-11,656.2,3.2307223407497783,1.7364341085271389,80629.0,677.3
2019-03-12,623.9,4.552011540310944,0.6290322580645125,422347.0,657.8
2019-03-13,664.0,6.430722891566272,6.615285806037259,238608.0,661.0
2019-03-14,679.3,3.194464890328269,2.3042168674698726,391884.0,686.4
2019-03-15,659.3,4.5502806006370395,-2.3259259259259326,262289.0,680.8
2019-03-18,671.3,1.9365410397735736,0.044709388971677276,65859.0,680.2
2019-03-19,680.0,2.0441176470588203,0.7407407407407408,89428.0,698.0
2019-03-20,677.1,1.1962782454585767,0.014771048744464216,49664.0,705.0
2019-03-21,677.3,1.3730990698361074,0.02953773445575717,40810.0,730.8
2019-03-22,657.8,3.8309516570386206,-3.406754772393546,69044.0,720.6
2019-03-25,661.0,2.8744326777609683,1.0394374808926863,46404.0,719.0
2019-03-26,686.4,3.0157342657342725,3.0785403213695752,79945.0,720.2
2019-03-27,680.8,2.3501762632197414,-0.6131386861313936,72869.0,704.0
2019-03-28,680.2,1.911202587474272,0.6213017751479357,51353.0,688.6
2019-03-29,698.0,3.3237822349570267,2.406103286384973,125511.0,697.8
2019-04-01,705.0,1.4751773049645358,0.8583690987124464,90321.0,686.8
2019-04-02,730.8,3.6945812807881775,3.220338983050841,88485.0,693.8
2019-04-03,720.6,5.4121565362198165,-1.4227086183310502,119901.0,689.0
2019-04-04,719.0,2.253129346314332,-0.16662038322688774,56547.0,689.8
2019-04-05,720.2,1.2496528742016106,-0.5248618784530323,41525.0,687.8
2019-04-08,704.0,2.585227272727279,-2.3578363384188625,57411.0,670.0
2019-04-09,688.6,2.9334882370026203,-1.4878397711015705,61799.0,707.0
2019-04-10,697.8,2.2929206076239614,1.2772133526850442,44139.0,718.8
2019-04-11,686.8,1.921956901572517,-1.4634146341463479,34221.0,722.2
2019-04-12,693.8,1.412510810031703,0.7844276583381722,34115.0,714.0
2019-04-15,689.0,2.3802612481857732,-1.655723665429635,43774.0,719.4
2019-04-16,689.8,2.6384459263554723,-0.3755054881571379,49131.0,725.6
2019-04-17,687.8,2.791509159639437,-0.6930407161420832,53716.0,708.0
2019-04-18,670.0,2.5671641791044673,-1.932084309133496,46238.0,677.0
2019-04-23,707.0,6.308345120226296,5.365126676602086,84333.0,663.4
2019-04-24,718.8,2.643294379521425,1.0970464135021034,77421.0,659.4
2019-04-25,722.2,1.5785101080033197,0.1942286348501791,51379.0,675.2
2019-04-26,714.0,2.2689075630252007,-0.8608719800055602,51439.0,660.2
2019-04-29,719.4,1.4734500973032958,0.6717044500419752,29467.0,655.8
2019-04-30,725.6,2.1775082690187366,1.596191542985155,62275.0,638.8
2019-05-02,708.0,4.23728813559322,-0.5617977528089888,69929.0,665.4
2019-05-03,677.0,1.8611521418020713,-0.29455081001472755,263279.0,669.8
2019-05-06,663.4,2.291227012360574,0.5151515151515117,86291.0,681.0
2019-05-07,659.4,2.092811646951785,-0.9017132551848512,110287.0,685.6
2019-05-08,675.2,2.7547393364928943,1.6867469879518142,80106.0,682.2
2019-05-09,660.2,2.8779157830960314,-1.931075460487225,80878.0,700.0
2019-05-10,655.8,2.8362305580969847,-1.6201620162016304,42141.0,715.2
2019-05-13,638.8,4.758922980588601,-3.7661946369388377,87178.0,708.2
2019-05-14,665.4,3.0658250676284906,3.162790697674415,75249.0,721.0
2019-05-15,669.8,2.9262466407882983,0.26946107784430456,44516.0,721.4
2019-05-16,681.0,2.2613803230543286,1.885098743267508,56205.0,732.2
2019-05-17,685.6,2.158693115519263,1.2404016538688685,37972.0,696.0
2019-05-20,682.2,2.7557900908824324,-0.4087591240875846,60590.0,719.0
2019-05-21,700.0,2.4285714285714284,2.1301429822001787,63980.0,720.8
2019-05-22,715.2,1.9574944071588365,1.9093758905671263,71701.0,704.0
2019-05-23,708.2,2.34397062976559,-0.1410039481105471,71302.0,690.0
2019-05-24,721.0,2.441054091539532,1.5492957746478873,69524.0,701.0
2019-05-27,721.4,1.6079844746326617,-0.027716186252777917,36076.0,697.0
2019-05-28,732.2,1.9939907129199703,1.3004980630880039,132377.0,707.8
2019-05-29,696.0,4.827586206896555,-4.237754540451287,104234.0,714.0
2019-05-30,719.0,3.087621696801119,1.5536723163841808,52403.0,709.2
2019-05-31,720.8,2.5527192008878994,1.235955056179769,74678.0,709.8
2019-06-03,704.0,3.5511363636363638,-1.0958134307389653,74399.0,708.0
2019-06-04,690.0,3.5652173913043512,-1.0610840263837078,107755.0,700.2
2019-06-05,701.0,1.9115549215406529,0.14285714285714285,100033.0,670.0
2019-06-06,697.0,2.4677187948349975,-0.4285714285714286,61271.0,689.0
2019-06-07,707.8,1.5541113308844308,0.8262108262108196,75854.0,675.0
2019-06-10,714.0,1.5126050420168002,-0.11191941801901993,31955.0,682.4
2019-06-11,709.2,2.030456852791875,-1.3355592654423913,44084.0,680.8
2019-06-12,709.8,3.0994646379261765,1.8364418938306963,46528.0,669.8
2019-06-13,708.0,2.146892655367238,-0.42194092827004215,59505.0,655.0
2019-06-14,700.2,2.42787774921451,-0.6808510638297808,53277.0,663.2
2019-06-17,670.0,3.7611940298507527,-2.389277389277386,282459.0,669.0
2019-06-18,689.0,4.092888243831647,2.8358208955223883,172612.0,678.6
2019-06-19,675.0,2.3111111111111144,0.7462686567164178,276863.0,665.8
2019-06-20,682.4,2.080890973036332,0.38246543100912367,158394.0,650.6
2019-06-21,680.8,1.3807285546415948,0.26509572901324807,196702.0,666.2
2019-06-24,669.8,3.4935801731860225,-1.5000000000000067,72686.0,657.8
2019-06-25,655.0,2.2900763358778624,-1.5037593984962405,83192.0,648.8
2019-06-26,663.2,3.1966224366706943,1.655426118945443,76744.0,656.6
2019-06-27,669.0,2.4215246636771197,0.5712567648827351,75803.0,648.6
2019-06-28,678.6,1.94518125552609,1.6781540305663838,96661.0,652.6
2019-07-01,665.8,2.8837488735356036,-1.9440353460972084,93443.0,677.0
2019-07-02,650.6,3.811865969873973,-2.808485210636384,125839.0,676.0
2019-07-03,666.2,2.0114079855899094,1.8343014368694586,85462.0,684.0
2019-07-04,657.8,2.310732745515344,-1.0231718326813224,56110.0,686.0
2019-07-05,648.8,1.6029593094944476,-0.7343941248470116,62370.0,686.0
2019-07-08,656.6,1.9798964361864149,1.640866873065019,63426.0,698.0
2019-07-09,648.6,2.5901942645698357,-1.1280487804878014,80610.0,694.6
2019-07-10,652.6,2.4210848912044063,0.9904054472299562,72767.0,701.2
2019-07-11,677.0,4.815361890694226,4.217980295566499,133028.0,708.4
2019-07-12,676.0,1.5088757396449772,0.14814814814814814,97879.0,703.0
2019-07-15,684.0,1.7251461988304195,1.4535746069415534,88257.0,701.8
2019-07-16,686.0,2.215743440233243,0.4686584651435333,81539.0,711.8
2019-07-17,686.0,1.1370262390670653,0.29239766081871343,78574.0,704.0
2019-07-18,698.0,4.040114613180522,2.376063361689652,142806.0,688.0
2019-07-19,694.6,2.0155485171321623,-0.7714285714285682,143690.0,687.0
2019-07-22,701.2,2.509982886480323,1.3002022536839064,95504.0,686.6
2019-07-23,708.4,2.0609824957651077,0.5678591709256104,134936.0,673.8
2019-07-24,703.0,2.617354196301578,-0.846262341325811,106819.0,644.2
2019-07-25,701.8,2.1373610715303504,0.22850614110252912,77114.0,648.0
2019-07-26,711.8,1.994942399550426,1.6857142857142793,78142.0,649.0
2019-07-29,704.0,1.4488636363636267,-0.17016449234260428,52347.0,671.6
2019-07-30,688.0,3.4593023255813886,-2.5495750708215295,66131.0,670.0
2019-07-31,687.0,1.7176128093158594,-0.23235550392100243,74533.0,670.0
2019-08-01,686.6,1.5729682493446064,0.5270863836017603,88539.0,676.8
2019-08-02,673.8,2.166815078658359,-0.1777777777777845,113648.0,655.0
2019-08-05,644.2,3.3840422229121323,-2.9819277108433666,105669.0,655.2
2019-08-06,648.0,3.8271604938271713,0.8717310087173136,112099.0,659.4
2019-08-07,649.0,1.6640986132511488,-0.764525993883792,61254.0,668.0
2019-08-08,671.6,3.2162001191185263,2.3156611822059787,83843.0,670.0
2019-08-09,670.0,2.477611940298511,-0.44576523031203563,56331.0,677.4
2019-08-12,670.0,2.298507462686581,-0.2679368859779629,41375.0,643.8
2019-08-13,676.8,3.7234042553191555,1.774436090225557,61247.0,643.6
2019-08-14,655.0,4.610687022900753,-2.991706161137447,78702.0,639.2
2019-08-15,655.2,3.7545787545787404,-0.24360535931789115,75456.0,649.0
2019-08-16,659.4,1.7895056111616552,0.0,45012.0,653.2
2019-08-19,668.0,1.8562874251496972,0.7541478129713424,93039.0,658.8
2019-08-20,670.0,2.179104477611944,0.08963250672244141,71974.0,658.8
2019-08-21,677.4,2.539120165338064,0.5342831700801459,69567.0,649.6
2019-08-22,643.8,5.902454178316248,-4.593953764078246,239708.0,653.0
2019-08-23,643.6,3.01429459291485,1.354330708661421,203832.0,652.8
2019-08-26,639.2,3.2227784730913673,-0.06253908692932728,78563.0,662.8
2019-08-27,649.0,2.280431432973799,1.8198933165986857,83070.0,667.0
2019-08-28,653.2,2.908756889161053,-0.8801213960546213,117055.0,650.4
2019-08-29,658.8,1.6697024893746206,1.3538461538461468,64183.0,618.0
2019-08-30,658.8,2.1554341226472444,0.03036744609777282,65903.0,620.0
2019-09-02,649.6,1.5701970443349649,-1.035953686776349,63830.0,637.8
2019-09-03,653.0,1.9601837672281706,0.5853357979051069,60021.0,625.4
2019-09-04,652.8,1.930147058823533,0.1226993865030605,59329.0,620.4
2019-09-05,662.8,1.478575739287863,0.5766312594840599,64561.0,632.0
2019-09-06,667.0,1.289355322338817,0.4518072289156626,50900.0,638.0
2019-09-09,650.4,2.398523985239856,-2.283653846153853,71028.0,634.4
2019-09-10,618.0,6.440129449838181,-3.6182158452900883,183156.0,639.0
2019-09-11,620.0,3.9354838709677384,0.0,81858.0,623.2
2019-09-12,637.8,3.135779241141424,2.540192926045009,88931.0,617.6
2019-09-13,625.4,3.10201471058524,-2.067021609771382,75325.0,614.2
2019-09-16,620.4,2.4500322372662873,0.22617124394183802,42601.0,615.0
2019-09-17,632.0,2.025316455696195,1.347017318794095,55484.0,619.0
2019-09-18,638.0,2.3510971786833856,0.949367088607595,84479.0,604.4
2019-09-19,634.4,1.7023959646910576,-0.5330824709940385,50513.0,595.2
2019-09-20,639.0,1.7840375586854424,0.6299212598425197,175504.0,570.0
2019-09-23,623.2,2.663671373555826,-2.0741671904462495,68241.0,576.0
2019-09-24,617.6,2.6878238341968763,-0.8349389852279917,55866.0,596.6
2019-09-25,614.2,1.6606968414197403,0.45796532548251034,85482.0,601.8
2019-09-26,615.0,2.3414634146341426,0.7206026858827345,57662.0,599.2
2019-09-27,619.0,1.5185783521809333,0.8143322475570033,46127.0,602.6
2019-09-30,604.4,4.235605559232301,-1.883116883116887,108515.0,621.8
2019-10-01,595.2,3.5618279569892546,-2.1052631578947296,118766.0,641.8
2019-10-02,570.0,4.6666666666666705,-3.5532994923857872,154116.0,638.4
2019-10-03,576.0,3.020833333333349,1.76678445229682,83463.0,644.4
2019-10-04,596.6,3.486423064029492,2.862068965517245,98645.0,635.0
2019-10-07,601.8,1.4622798271851227,0.46744574290483387,54364.0,629.6
2019-10-08,599.2,1.8357810413885178,-0.7618416694269475,58566.0,620.2
2019-10-09,602.6,2.2900763358778735,0.634602538410165,55607.0,618.0
2019-10-10,621.8,3.795432614988746,1.6013071895424762,116817.0,603.4
2019-10-11,641.8,2.4929884699283265,1.9377382465057071,100393.0,602.0
2019-10-14,638.4,2.6942355889724205,-0.6535947712418371,76298.0,613.8
2019-10-15,644.4,2.2036002482929926,0.373831775700931,108988.0,629.4
2019-10-16,635.0,2.110236220472437,-1.0595200997195318,69050.0,629.2
2019-10-17,629.6,1.4930114358322708,-0.06349206349205988,59206.0,635.0
2019-10-18,620.2,1.7413737504030882,-1.3990461049284506,65771.0,634.0
2019-10-21,618.0,1.6828478964401257,-0.5471515931766942,59060.0,629.4
2019-10-22,603.4,2.949950281736836,-2.5831449790119474,98001.0,631.6
2019-10-23,602.0,1.8272425249169437,0.33333333333333337,93055.0,640.0
2019-10-24,613.8,1.9876181166503637,0.6559527714004593,54038.0,639.0
2019-10-25,629.4,2.764537654909434,2.7424094025465156,69828.0,645.0
2019-10-28,629.2,1.5257469802924384,0.03179650238474491,43170.0,640.8
2019-10-29,635.0,2.1732283464567037,0.5383153894870134,51738.0,635.4
2019-10-30,634.0,1.6403785488958953,0.7949125596184419,50100.0,642.0
2019-10-31,629.4,2.224340641881157,-0.7881462799495587,55267.0,638.2
2019-11-01,631.6,1.6149461684610404,0.25396825396825756,59898.0,644.4
2019-11-04,640.0,2.3749999999999893,1.0101010101010066,90852.0,650.8
2019-11-05,639.0,1.752738654147112,0.1253525540582818,51413.0,647.4
2019-11-06,645.0,2.5116279069767335,1.319509896324219,82739.0,646.0
2019-11-07,640.8,2.5905118601747854,-1.26348228043144,62863.0,653.0
2019-11-08,635.4,3.777148253068933,-0.7187500000000036,66638.0,660.0
2019-11-11,642.0,1.9626168224299099,1.3577518155983617,55968.0,660.0
2019-11-12,638.2,1.5669069257286117,-1.1155872327238816,47104.0,662.8
2019-11-13,644.4,1.5828677839851095,1.0031347962382409,45735.0,668.0
2019-11-14,650.8,1.5058389674247186,0.5873261205564072,81083.0,681.0
2019-11-15,647.4,2.10071053444546,-1.1603053435114539,44487.0,686.8
2019-11-18,646.0,2.383900928792566,-0.5235602094240802,57642.0,691.6
2019-11-19,653.0,1.868300153139364,0.8961681087762599,71367.0,696.2
2019-11-20,660.0,1.3636363636363635,0.6097560975609756,95325.0,683.0
2019-11-21,660.0,4.090909090909091,0.0,86167.0,690.8
2019-11-22,662.8,1.5691007845503888,0.6377163680534363,69837.0,701.6
2019-11-25,668.0,1.2275449101796474,0.3003003003003003,43473.0,705.2
2019-11-26,681.0,1.8795888399412561,1.4903129657228018,167860.0,701.8
2019-11-27,686.8,1.8345952242283086,0.4093567251461922,91761.0,697.0
2019-11-28,691.6,1.5905147484094853,0.9929906542056175,58802.0,687.4
2019-11-29,696.2,1.6949152542372816,1.162452775356001,59590.0,683.8
2019-12-02,683.0,4.714494875549055,-2.1770266399312583,161685.0,698.0
2019-12-03,690.8,1.7950202663578594,1.1420204978038,97233.0,699.2
2019-12-04,701.6,2.3660205245153803,1.6516951608229464,112709.0,708.0
2019-12-05,705.2,1.3613159387407858,0.4844685095468924,96581.0,721.2
2019-12-06,701.8,1.6813907096038856,-0.5949008498583634,161082.0,730.0
2019-12-09,697.0,1.7790530846485064,0.1149095087618435,76867.0,734.8
2019-12-10,687.4,1.425661914460295,-1.1788384128809726,77792.0,742.6
2019-12-11,683.8,1.403919274641695,-0.05846243788367304,82235.0,728.6
2019-12-12,698.0,1.6905444126074434,0.605361775727882,123120.0,736.8
2019-12-13,699.2,1.6304347826086922,-0.9912206173888416,104305.0,737.8
2019-12-16,708.0,1.1299435028248588,0.8547008547008548,74921.0,731.0
2019-12-17,721.2,1.6916250693289023,1.577464788732401,156169.0,731.0
2019-12-18,730.0,1.7534246575342403,1.10803324099723,150922.0,743.6
2019-12-19,734.8,1.0887316276537833,0.6575342465753362,107963.0,741.8
2019-12-20,742.6,1.3196875841637428,0.8693289866883968,758437.0,736.2
2019-12-23,728.6,2.0587427944002195,-1.9116855142703195,46376.0,741.0
2019-12-24,736.8,1.3029315960912085,0.6832467887400929,28382.0,741.0
2019-12-27,737.8,0.867443751694223,0.4356112169888282,35411.0,746.8
2019-12-30,731.0,1.094391244870041,-0.5442176870748299,41976.0,749.0
2019-12-31,731.0,1.3132694938440523,0.05474952094168865,19515.0,756.8
2020-01-02,743.6,2.555137170521786,1.556951652553944,91048.0,759.2
2020-01-03,741.8,1.9681854947425061,0.5149051490514843,63937.0,767.0
2020-01-06,736.2,1.6299918500407498,0.6562756357670315,84946.0,772.0
2020-01-07,741.0,0.8906882591093148,0.8163265306122449,69689.0,777.8
2020-01-08,741.0,1.8893387314439947,0.8163265306122449,126660.0,783.0
2020-01-09,746.8,1.1515800749866127,0.18781862087469509,130731.0,786.0
2020-01-10,749.0,1.2283044058744903,0.0,73994.0,804.0
2020-01-13,756.8,1.0570824524312896,1.0144153764014827,92762.0,812.2
2020-01-14,759.2,1.8177028451000992,0.3171247357293989,81699.0,835.2
2020-01-15,767.0,1.668839634941324,1.3477801268499003,102278.0,811.4
2020-01-16,772.0,1.83937823834196,0.651890482398957,128173.0,826.0
2020-01-17,777.8,0.8228336333247592,0.1029601029600971,96750.0,838.2
2020-01-20,783.0,0.7918263090676941,0.5392912172573248,59448.0,830.0
2020-01-21,786.0,1.3231552162849844,1.0282776349614395,65335.0,831.0
2020-01-22,804.0,3.1343283582089465,2.3942944472745737,166747.0,852.4
2020-01-23,812.2,1.8222112780103366,1.1457036114570418,162379.0,862.2
2020-01-24,835.2,2.610153256704975,2.403138793526241,170319.0,885.0
2020-01-27,811.4,1.8486566428395368,-1.1933755479785761,116582.0,879.8
2020-01-28,826.0,2.2518159806295426,1.2254901960784315,82026.0,870.6
2020-01-29,838.2,1.8134096874254406,1.3052936910805013,96550.0,869.0
2020-01-30,830.0,1.3734939759036118,0.09647853352628491,86367.0,880.2
2020-01-31,831.0,1.1552346570397138,-0.048111618955975134,107619.0,884.6
2020-02-03,852.4,2.440168934772402,1.9861210815984713,129881.0,871.6
2020-02-04,862.2,1.1366272326606435,1.0785463071512362,140028.0,883.6
2020-02-05,885.0,2.824858757062147,2.7874564459930316,171215.0,883.2
2020-02-06,879.8,2.6369629461241115,-0.6997742663656936,140237.0,886.0
2020-02-07,870.6,1.5161957270847743,-0.8428246013667401,110585.0,893.8
2020-02-10,869.0,1.0817031070195733,0.2306805074971165,89702.0,869.8
2020-02-11,880.2,1.1133833219722737,0.4335919671383008,98738.0,871.6
2020-02-12,884.6,1.6278543974677793,0.7517084282460162,67638.0,826.2
2020-02-13,871.6,2.891234511243682,-0.9995456610631479,140359.0,819.6
2020-02-14,883.6,1.810774105930285,1.7269168777342851,70913.0,805.2
2020-02-17,883.2,1.4492753623188355,-0.1356852103120683,41951.0,804.0
2020-02-18,886.0,1.4672686230248306,0.9801686801914775,40448.0,797.2
2020-02-19,893.8,1.3649586037144827,0.7893549842129003,64898.0,784.0
2020-02-20,869.8,3.1271556679696535,-2.597984322508404,73390.0,816.8
2020-02-21,871.6,2.8223955943093055,0.716431707880754,83688.0,813.2
2020-02-24,826.2,3.485838779956421,-1.9928825622775748,145652.0,820.6
2020-02-25,819.6,3.4163006344558324,-1.7030462940753097,113113.0,803.0
2020-02-26,805.2,3.949329359165419,-0.3465346534653409,172299.0,766.0
2020-02-27,804.0,4.353233830845771,4.010349288486417,191635.0,754.0
2020-02-28,797.2,8.65529352734571,8.374116367591085,270556.0,747.6
2020-03-02,784.0,8.035714285714286,-6.287353573989963,177101.0,708.8
2020-03-03,816.8,4.431929480901084,2.278988229401444,154846.0,746.0
2020-03-04,813.2,2.065912444663054,-0.34313725490195524,126264.0,719.8
2020-03-05,820.6,1.291737752863761,-0.340053436968661,143911.0,720.0
2020-03-06,803.0,2.5902864259028586,0.0,148734.0,682.6
2020-03-09,766.0,3.4986945169712733,1.9973368841544608,329536.0,707.0
2020-03-10,754.0,4.668435013262606,-2.7096774193548385,217122.0,736.0
2020-03-11,747.6,6.420545746388442,-2.909090909090906,199223.0,708.4
2020-03-12,708.8,4.486455981941319,1.1704253497002473,319119.0,720.8
2020-03-13,746.0,6.461126005361936,3.524840410768801,277339.0,735.6
2020-03-16,719.8,7.835509863851082,2.828571428571422,251470.0,775.6
2020-03-17,720.0,8.27777777777778,-2.7027027027027026,227913.0,790.0
2020-03-18,682.6,7.061236448871966,-2.4578450985995905,180496.0,783.8
2020-03-19,707.0,7.779349363507778,5.3337306317044035,206225.0,770.6
2020-03-20,736.0,10.923913043478258,-0.5405405405405406,231248.0,739.8
2020-03-23,708.4,6.4652738565781975,1.7816091954022957,174275.0,740.2
2020-03-24,720.8,4.994450610432852,-2.93563156477243,116523.0,691.2
2020-03-25,735.6,5.464926590538342,0.7395234182415744,146356.0,732.4
2020-03-26,775.6,7.168643630737496,7.097486882076772,176632.0,760.0
2020-03-27,790.0,4.430379746835443,3.1331592689295036,151115.0,774.6
2020-03-30,783.8,2.4496044909415726,-0.7848101265822842,103946.0,775.4
2020-03-31,770.6,4.256423566052421,-3.117928086497354,138606.0,781.2
2020-04-01,739.8,5.109489051094885,-1.779075942644728,137545.0,774.2
2020-04-02,740.2,3.10726830586328,0.5706521739130497,152913.0,764.4
2020-04-03,691.2,9.201388888888875,-6.745817593092282,230745.0,780.4
2020-04-06,732.4,4.150737302020751,2.4049217002237038,154315.0,792.4
2020-04-07,760.0,2.9210526315789536,1.9586799034075695,126812.0,865.0
2020-04-08,774.6,3.950426026336176,2.7320954907161834,95576.0,844.0
2020-04-09,775.4,2.2182099561516693,-0.3341902313624708,92577.0,851.0
2020-04-14,781.2,2.5857654889912864,0.670103092783511,105466.0,867.0
2020-04-15,774.2,4.391630069749419,-0.2576655501159495,161387.0,881.6
2020-04-16,764.4,3.349031920460495,-1.59629248197734,135926.0,875.0
2020-04-17,780.4,1.998974884674529,-0.5859872611464997,105616.0,879.0
2020-04-20,792.4,2.549217566885403,0.9683995922528061,153480.0,901.2
2020-04-21,865.0,10.49710982658959,10.303494006630954,383571.0,890.0
2020-04-22,844.0,3.5308056872037863,-1.9060901906090166,150041.0,916.4
2020-04-23,851.0,3.525264394829612,2.604292259464676,110331.0,947.2
2020-04-24,867.0,4.244521337946939,3.807471264367811,78331.0,953.6
2020-04-27,881.6,2.0190562613430076,1.1009174311926633,108208.0,981.0
2020-04-28,875.0,1.8285714285714287,-0.3643816898200917,106799.0,990.0
2020-04-29,879.0,2.2753128555176336,0.5720823798627002,71223.0,973.8
2020-04-30,901.2,4.1500221926320435,1.9457013574660686,184620.0,1020.0
2020-05-04,890.0,4.000000000000003,1.784080512351329,122189.0,984.0
2020-05-05,916.4,4.692274116106504,1.9128113879003483,124524.0,980.2
2020-05-06,947.2,4.413006756756764,3.3384246126991077,130269.0,1034.5
2020-05-07,953.6,2.3489932885906017,0.041963911036506214,108842.0,1048.0
2020-05-08,981.0,2.6707441386340514,2.1875,83756.0,1079.5
2020-05-11,990.0,2.5858585858585883,1.559294214197789,77075.0,1078.0
2020-05-12,973.8,3.286095707537482,-1.2172854534388315,108179.0,1132.0
2020-05-13,1020.0,6.009803921568623,3.7639877924720246,201051.0,1167.5
2020-05-14,984.0,5.243902439024393,-2.0895522388059704,140207.0,1115.0
2020-05-15,980.2,3.325851866965927,-1.0498687664041972,98161.0,1074.0
2020-05-18,1034.5,4.804253262445631,4.095391426846453,121021.0,1125.0
2020-05-19,1048.0,2.9103053435114505,0.5275779376498801,116403.0,1183.0
2020-05-20,1079.5,4.353867531264474,3.202676864244742,89431.0,1192.5
2020-05-21,1078.0,4.638218923933209,3.604036520903412,78088.0,1202.0
2020-05-22,1132.0,6.27208480565371,6.191369606003752,111475.0,1200.0
2020-05-25,1167.5,4.539614561027838,1.654331737048324,110694.0,1185.5
2020-05-26,1115.0,6.591928251121076,-5.787917194761301,148251.0,1151.0
2020-05-27,1074.0,7.169459962756052,-3.6771300448430493,157597.0,1136.0
2020-05-28,1125.0,4.444444444444445,3.638876093965914,130269.0,1147.5
2020-05-29,1183.0,5.114116652578192,5.108840515326522,952019.0,1190.0
2020-06-01,1192.5,4.0251572327044025,0.16799664006719867,107571.0,1200.0
2020-06-02,1202.0,3.6605657237936775,0.6278777731268314,112241.0,1170.5
2020-06-03,1200.0,3.3333333333333335,-1.5586546349466777,85725.0,1210.0
2020-06-04,1185.5,2.7414592998734713,-0.5453020134228188,148421.0,1237.5
2020-06-05,1151.0,4.126846220677671,-2.457627118644068,120677.0,1280.0
2020-06-08,1136.0,2.772887323943662,1.6100178890876566,147667.0,1271.5
2020-06-09,1147.5,2.7886710239651413,1.5037593984962405,97010.0,1276.0
2020-06-10,1190.0,3.4453781512605044,3.2090199479618384,99150.0,1285.0
2020-06-11,1200.0,3.5000000000000004,2.3017902813299234,114681.0,1300.0
2020-06-12,1170.5,3.8445108927808627,-1.5973097940311056,97600.0,1263.0
2020-06-15,1210.0,4.008264462809917,4.041272570937231,132858.0,1283.0
2020-06-16,1237.5,3.272727272727273,1.7680921052631577,128644.0,1284.5
2020-06-17,1280.0,3.671875,2.8112449799196786,89207.0,1293.0
2020-06-18,1271.5,2.5560361777428233,-0.6640625,74487.0,1295.5
2020-06-19,1276.0,2.272727272727273,-0.3125,128565.0,1314.0
2020-06-22,1285.0,2.9182879377431905,0.8634222919937204,79160.0,1338.0
2020-06-23,1300.0,1.8461538461538463,0.07698229407236336,64361.0,1351.5
2020-06-24,1263.0,3.0482977038796517,-2.8087726048480186,92439.0,1378.0
2020-06-25,1283.0,3.780202650038971,1.8658197697499008,91229.0,1397.0
2020-06-26,1284.5,2.063059556247567,-1.1923076923076923,90139.0,1406.5
2020-06-29,1293.0,2.6295436968290797,-0.19297568506368198,117887.0,1398.5
2020-06-30,1295.5,3.010420686993439,-0.07713073659853452,88748.0,1379.5
2020-07-01,1314.0,2.7777777777777777,1.0769230769230769,77540.0,1400.0
2020-07-02,1338.0,2.5037369207772797,0.6015037593984963,89831.0,1359.0
2020-07-03,1351.5,1.257861635220126,0.4459308807134894,77871.0,1380.0
2020-07-06,1378.0,3.5921625544267055,-0.03627130939426913,77413.0,1366.0
2020-07-07,1397.0,2.576950608446672,2.0452885317750185,94447.0,1402.5
2020-07-08,1406.5,1.9907571987202273,0.7160759040458289,106252.0,1434.0
2020-07-09,1398.5,2.931712549159814,-1.3751763046544427,81028.0,1416.5
2020-07-10,1379.5,2.6458861906487856,-1.6399286987522281,80216.0,1420.0
2020-07-13,1400.0,2.214285714285714,0.9009009009009009,65505.0,1436.5
2020-07-14,1359.0,4.341427520235467,-0.43956043956043955,140023.0,1355.0
2020-07-15,1380.0,3.5869565217391304,0.2178649237472767,100435.0,1400.0
2020-07-16,1366.0,3.001464128843338,-0.7628042135851798,79350.0,1381.0
2020-07-17,1402.5,2.8877005347593583,2.074235807860262,67749.0,1413.0
2020-07-20,1434.0,4.114365411436541,1.8465909090909092,66045.0,1380.0
2020-07-21,1416.5,4.3769855277091425,-2.9794520547945202,79942.0,1417.0
2020-07-22,1420.0,1.8309859154929577,0.2824858757062147,63871.0,1463.0
2020-07-23,1436.5,1.8447615732683604,1.519434628975265,56925.0,1438.0
2020-07-24,1355.0,4.797047970479705,-3.52438590245639,95613.0,1477.0
2020-07-27,1400.0,3.357142857142857,3.0927835051546393,57077.0,1470.0
2020-07-28,1381.0,3.6205648081100654,-1.8479033404406537,56307.0,1487.5
2020-07-29,1413.0,3.573956121726822,3.1386861313868613,72656.0,1427.0
2020-07-30,1380.0,5.072463768115942,-3.123903123903124,86409.0,1406.0
2020-07-31,1417.0,2.9992942836979535,2.0158387329013676,110362.0,1418.0
2020-08-03,1463.0,3.315105946684894,2.919451283855083,84640.0,1455.0
2020-08-04,1438.0,4.833101529902643,-2.1768707482993195,84501.0,1415.5
2020-08-05,1477.0,2.4035206499661474,1.7918676774638183,73650.0,1448.0
2020-08-06,1470.0,2.074829931972789,-0.6756756756756757,84113.0,1445.0
2020-08-07,1487.5,3.092436974789916,1.431980906921241,69058.0,1460.0
2020-08-10,1427.0,5.325858444288718,-4.163868368032237,78366.0,1420.5
2020-08-11,1406.0,2.951635846372689,-1.9867549668874174,91139.0,1368.0
2020-08-12,1418.0,2.150916784203103,1.2857142857142856,71770.0,1379.0
2020-08-13,1455.0,3.3676975945017182,2.500880591757661,69295.0,1416.0
2020-08-14,1415.5,3.037795831861533,-2.041522491349481,47281.0,1472.0
2020-08-17,1448.0,2.6933701657458564,2.04369274136716,54841.0,1457.5
2020-08-18,1445.0,2.041522491349481,-0.41350792556857335,49700.0,1415.0
2020-08-19,1460.0,1.2328767123287672,0.724387719903415,53112.0,1413.0
2020-08-20,1420.5,3.8366772263287574,0.7446808510638299,110574.0,1417.0
2020-08-21,1368.0,4.970760233918129,-0.5090909090909091,231560.0,1422.5
2020-08-24,1379.0,2.7918781725888326,0.804093567251462,98835.0,1333.5
2020-08-25,1416.0,3.3192090395480225,2.869596803487105,81439.0,1311.5
2020-08-26,1472.0,4.483695652173913,3.7350246652572237,89631.0,1340.0
2020-08-27,1457.5,2.881646655231561,-1.4203584714237403,91262.0,1314.0
2020-08-28,1415.0,3.92226148409894,-2.9159519725557463,69690.0,1344.0
2020-08-31,1413.0,2.335456475583864,-0.6329113924050633,68894.0,1366.0
2020-09-01,1417.0,2.5052928722653496,-0.5614035087719298,79642.0,1375.0
2020-09-02,1422.5,2.3198594024604566,-1.1466296038915913,104492.0,1380.0
2020-09-03,1333.5,8.136482939632545,-6.650332516625832,129184.0,1399.0
2020-09-04,1311.5,7.472359893252002,-1.4280345734686208,171530.0,1440.5
2020-09-07,1340.0,2.4626865671641793,1.5151515151515151,77889.0,1442.0
2020-09-08,1314.0,5.32724505327245,-1.7570093457943925,140677.0,1523.0
2020-09-09,1344.0,2.604166666666667,2.1664766248574687,83845.0,1521.5
2020-09-10,1366.0,3.5871156661786237,1.3353115727002967,86491.0,1574.5
2020-09-11,1375.0,1.781818181818182,0.880410858400587,76931.0,1576.0
2020-09-14,1380.0,1.6666666666666667,-0.5763688760806917,67665.0,1583.0
2020-09-15,1399.0,1.7869907076483202,1.1569052783803326,70888.0,1595.5
2020-09-16,1440.5,3.3668864977438386,2.526690391459075,128276.0,1595.5
2020-09-17,1442.0,3.6061026352288486,2.6334519572953736,111026.0,1602.5
2020-09-18,1523.0,4.235062376887722,4.030054644808743,954082.0,1572.5
2020-09-21,1521.5,2.2346368715083798,1.163563829787234,179879.0,1605.0
2020-09-22,1574.5,5.335026992696093,2.7071102413568164,173116.0,1602.5
2020-09-23,1576.0,2.5380710659898478,-1.1602383192223267,129896.0,1630.0
2020-09-24,1583.0,5.306380290587493,4.0078843626806835,142810.0,1600.0
2020-09-25,1595.5,2.9771231588843623,0.8533501896333754,112497.0,1615.0
2020-09-28,1595.5,1.8176120338451895,-0.9006211180124223,100391.0,1668.5
2020-09-29,1602.5,2.1840873634945397,0.4702194357366771,104878.0,1703.5
2020-09-30,1572.5,2.829888712241653,-1.10062893081761,131349.0,1734.0
2020-10-01,1605.0,4.330218068535826,2.523155541360588,109931.0,1716.0
2020-10-02,1602.5,3.9937597503900157,2.3307790549169862,133297.0,1679.0
2020-10-05,1630.0,2.085889570552147,1.3366490519117191,47453.0,1644.5
2020-10-06,1600.0,3.78125,-2.4984765386959173,99599.0,1626.5
2020-10-07,1615.0,1.9195046439628483,1.1904761904761905,78142.0,1632.5
2020-10-08,1668.5,4.015582858855259,2.7401477832512318,121372.0,1592.5
2020-10-09,1703.5,2.9938362195479895,2.0059880239520957,95733.0,1593.5
2020-10-12,1734.0,2.1049596309111878,1.4331675928634104,83957.0,1562.0
2020-10-13,1716.0,2.2144522144522143,-1.1805355600345524,89978.0,1568.5
2020-10-14,1679.0,2.3823704586063132,-1.8415667933352822,72830.0,1540.5
2020-10-15,1644.5,2.584372149589541,-1.2015620306398318,85847.0,1577.5
2020-10-16,1626.5,2.5207500768521367,-1.3046116504854368,104393.0,1541.0
2020-10-19,1632.5,1.2251148545176112,-0.6995133819951338,9086.0,1508.0
2020-10-20,1592.5,3.108320251177394,-1.9698368728839641,83653.0,1447.5
2020-10-21,1593.5,2.4160652651396295,-0.4995316890415236,70221.0,1456.5
2020-10-22,1562.0,2.240717029449424,-1.9152276295133437,71963.0,1519.0
2020-10-23,1568.5,3.1877590054191907,1.0957138253303256,66735.0,1626.5
2020-10-26,1540.5,2.4018175916910094,-0.9006111289803796,82400.0,1614.0
2020-10-27,1577.5,3.0427892234548337,1.3491808544812078,100732.0,1610.0
2020-10-28,1541.0,2.855288773523686,-1.7845761631612493,108464.0,1582.0
2020-10-29,1508.0,3.8461538461538463,0.332667997338656,136823.0,1548.0
2020-10-30,1447.5,5.3886010362694305,-2.492421690804985,113703.0,1642.5
2020-11-02,1456.5,2.506007552351528,0.06870491240123669,93012.0,1640.0
2020-11-03,1519.0,4.180381830151416,4.041095890410959,93219.0,1629.0
2020-11-04,1626.5,7.285582539194589,5.99543825350277,119484.0,1631.0
2020-11-05,1614.0,4.182156133828997,-2.741789695691473,107897.0,1640.0
2020-11-06,1610.0,2.857142857142857,0.3115264797507788,82708.0,1593.0
2020-11-09,1582.0,10.27180783817952,-4.063068526379624,207536.0,1592.0
2020-11-10,1548.0,5.813953488372093,-0.5141388174807198,167607.0,1608.0
2020-11-11,1642.5,7.549467275494673,6.138933764135703,115540.0,1599.0
2020-11-12,1640.0,2.8353658536585367,-0.12180267965895249,98207.0,1551.5
2020-11-13,1629.0,2.394106813996317,-0.6707317073170732,77924.0,1552.0
2020-11-16,1631.0,3.7093807480073577,-0.851063829787234,99985.0,1575.0
2020-11-17,1640.0,2.0426829268292686,1.203332304844184,71427.0,1616.0
2020-11-18,1593.0,3.8606403013182673,-2.5688073394495414,108877.0,1602.0
2020-11-19,1592.0,1.2876884422110553,-0.06277463904582549,88291.0,1596.0
2020-11-20,1608.0,2.083333333333333,1.451104100946372,116100.0,1621.5
2020-11-23,1599.0,1.7823639774859286,-0.4048582995951417,64924.0,1652.5
2020-11-24,1551.5,4.672897196261682,-3.513681592039801,90066.0,1659.0
2020-11-25,1552.0,2.3518041237113403,0.12903225806451613,85699.0,1682.0
2020-11-26,1575.0,1.650793650793651,0.8968609865470852,48706.0,1724.0
2020-11-27,1616.0,2.9084158415841586,2.278481012658228,79082.0,1739.0
2020-11-30,1602.0,3.495630461922597,-0.774233508826262,129347.0,1752.0
2020-12-01,1596.0,3.132832080200501,-1.3292117465224111,100566.0,1827.0
2020-12-02,1621.5,3.2685784767190875,1.6614420062695927,71877.0,1837.0
2020-12-03,1652.5,2.2087745839636916,1.9118100524205983,79211.0,1860.0
2020-12-04,1659.0,2.501506931886679,0.18115942028985507,72798.0,1878.0
2020-12-07,1682.0,1.872770511296076,1.6314199395770395,59494.0,1906.5
2020-12-08,1724.0,3.277262180974478,2.619047619047619,68597.0,1949.5
2020-12-09,1739.0,1.6101207590569295,1.0459035444509006,70474.0,1900.0
2020-12-10,1752.0,2.73972602739726,1.5357867284844973,72693.0,1940.5
2020-12-11,1827.0,4.789272030651341,4.459691252144083,95186.0,1944.0
2020-12-14,1837.0,1.95971692977681,-0.46057978867515575,98266.0,1969.5
2020-12-15,1860.0,2.5,1.1969532100108813,70953.0,1931.0
2020-12-16,1878.0,1.5974440894568689,1.4586709886547813,51284.0,1932.0
2020-12-17,1906.5,1.7046944662995018,1.4095744680851063,77813.0,1900.0
2020-12-18,1949.5,3.385483457296743,2.068062827225131,198163.0,1905.0
2020-12-21,1900.0,4.947368421052632,-2.0618556701030926,94947.0,1859.5
2020-12-22,1940.5,2.3962896160783305,1.7833726724364019,71457.0,1829.0
2020-12-23,1944.0,1.491769547325103,-0.3076923076923077,42757.0,1733.0
2020-12-24,1969.5,1.3201320132013201,1.0259040779687099,13136.0,1714.5
2020-12-28,1931.0,3.443811496633868,-2.0294266869609334,47491.0,1756.5
2020-12-29,1932.0,2.303312629399586,0.05178663904712584,62403.0,1744.5
2020-12-30,1900.0,2.0,-1.6563146997929608,57971.0,1758.5
2020-12-31,1905.0,2.4671916010498687,0.42171850289931473,30073.0,1791.0
2021-01-04,1859.5,3.52245227211616,-2.1315789473684212,99408.0,1777.5
2021-01-05,1829.0,2.3510114816839804,-1.0549093859886394,86256.0,1789.0
2021-01-06,1733.0,6.780150028851701,-4.884742041712404,156844.0,1791.5
2021-01-07,1714.5,2.6538349372995045,-1.181556195965418,90183.0,1785.0
2021-01-08,1756.5,2.818104184457728,1.5317919075144508,97176.0,1876.0
2021-01-11,1744.5,2.522212668386357,-0.8806818181818181,63817.0,1913.0
2021-01-12,1758.5,1.5638328120557294,0.31374786081003997,83263.0,1919.0
2021-01-13,1791.0,2.5963149078726966,1.9061166429587482,75828.0,1875.0
2021-01-14,1777.5,2.728551336146273,-0.919732441471572,85160.0,1856.5
2021-01-15,1789.0,1.8725544997205141,1.2164073550212162,95263.0,1775.0
2021-01-18,1791.5,2.2606754116662016,0.3079507278835386,43202.0,1760.0
2021-01-19,1785.0,1.7086834733893557,-0.8333333333333334,59415.0,1719.5
2021-01-20,1876.0,5.143923240938166,4.338153503893214,108493.0,1770.5
2021-01-21,1913.0,1.6989022477783586,0.8700237279198523,76734.0,1800.0
2021-01-22,1919.0,1.8759770713913497,0.6820566631689402,75158.0,1823.0
2021-01-25,1875.0,4.186666666666667,-2.5974025974025974,89751.0,1903.0
2021-01-26,1856.5,2.4508483705898194,-0.3756372417493963,64790.0,1884.5
2021-01-27,1775.0,6.394366197183099,-4.054054054054054,126986.0,1897.0
2021-01-28,1760.0,3.778409090909091,-0.22675736961451248,113344.0,1901.5
2021-01-29,1719.5,2.675196277987787,-0.9789807083213361,121440.0,2066.0
2021-02-01,1770.5,1.9768426998023156,1.7236426314277506,69974.0,2184.0
2021-02-02,1800.0,2.5,0.11123470522803114,78005.0,2190.0
2021-02-03,1823.0,1.7279210093252881,0.6348330113165884,55644.0,2135.0
2021-02-04,1903.0,3.25801366263794,3.087757313109426,86619.0,2192.0
2021-02-05,1884.5,2.732820376757761,-1.3609002878827532,47198.0,2160.0
2021-02-08,1897.0,1.238798102266737,0.23778071334214002,52152.0,2167.0
2021-02-09,1901.5,1.5777018143570865,0.07894736842105263,65773.0,2211.0
2021-02-10,2066.0,7.841239109390126,4.080604534005038,138164.0,2152.0
2021-02-11,2184.0,4.945054945054945,3.6544850498338874,118899.0,1980.0
2021-02-12,2190.0,1.872146118721461,0.5048187241854061,68837.0,1978.5
2021-02-15,2135.0,3.4660421545667446,-2.9545454545454546,70153.0,1934.5
2021-02-16,2192.0,2.8284671532846715,2.2865142323845076,68008.0,1916.0
2021-02-17,2160.0,3.2870370370370368,-0.9628610729023385,83694.0,1950.0
2021-02-18,2167.0,1.8458698661744346,-0.4136029411764706,55002.0,1943.5
2021-02-19,2211.0,1.8995929443690638,1.6084558823529411,100666.0,1918.5
2021-02-22,2152.0,2.2769516728624537,-1.7800091282519397,69135.0,1875.5
2021-02-23,1980.0,7.752525252525253,-5.803996194100856,162916.0,1814.0
2021-02-24,1978.5,3.790750568612585,-0.07575757575757576,102015.0,1860.0
2021-02-25,1934.5,3.8769707934866893,-3.178178178178178,73456.0,1936.0
2021-02-26,1916.0,3.7839248434238,1.8607123870281765,97426.0,1882.5
2021-03-01,1950.0,4.461538461538462,0.0,93787.0,1982.5
2021-03-02,1943.5,2.9071263184975558,0.1287995878413189,66625.0,1935.0
2021-03-03,1918.5,2.4237685691946833,-1.3624678663239074,75897.0,1967.5
2021-03-04,1875.5,3.838976272993868,-1.2374934175882044,91371.0,1991.0
2021-03-05,1814.0,4.658213891951489,-2.6562919237993023,101975.0,1943.0
2021-03-08,1860.0,4.435483870967742,2.14168039538715,82372.0,1909.5
2021-03-09,1936.0,4.726239669421488,4.254173397953688,88436.0,1913.0
2021-03-10,1882.5,3.824701195219123,-2.9639175257731956,83368.0,1920.0
2021-03-11,1982.5,4.388398486759142,4.1228991596638656,78129.0,1940.0
2021-03-12,1935.0,3.4366925064599485,-2.3959646910466583,60455.0,1896.0
2021-03-15,1967.5,3.074968233799238,1.8374741200828155,50114.0,1848.0
2021-03-16,1991.0,2.235057759919638,0.5301691492047462,65200.0,1889.5
2021-03-17,1943.0,3.4997426659804423,-2.2635814889336014,53330.0,1857.0
2021-03-18,1909.5,3.32547787378895,-1.9763860369609858,64834.0,1877.5
2021-03-19,1913.0,2.4830109775222162,0.8966244725738396,150484.0,1903.5
2021-03-22,1920.0,1.9791666666666665,0.7874015748031495,38929.0,1982.0
2021-03-23,1940.0,2.345360824742268,1.2261935820506131,53899.0,1985.4
2021-03-24,1896.0,2.7426160337552745,-2.066115702479339,59822.0,1996.4
2021-03-25,1848.0,4.383116883116883,-2.2739291380222104,77127.0,1994.0
2021-03-26,1889.5,2.090500132310135,1.2593783494105038,47136.0,1989.2
2021-03-29,1857.0,2.611739364566505,-2.0827840759293434,36636.0,1959.0
2021-03-30,1877.5,1.8908122503328895,0.7783145464304885,50614.0,1990.0
2021-03-31,1903.5,2.7843446283162594,1.4929352172753934,70495.0,1989.0
2021-04-01,1982.0,3.23915237134207,3.239920825085949,77819.0,2008.0
2021-04-06,1985.4,4.533091568449683,-2.6764705882352895,71846.0,2018.0
2021-04-07,1996.4,2.4694450010018008,0.8180991819008203,49139.0,1996.2
2021-04-08,1994.0,2.572718154463388,-1.1892963330029733,41179.0,1981.0
2021-04-09,1989.2,1.7243112809169494,-0.30072173215717724,46631.0,2012.5
2021-04-12,1959.0,2.501276161306789,-1.429002717117847,37580.0,2072.5
2021-04-13,1990.0,2.2361809045226133,1.3238289205702647,56002.0,2107.0
2021-04-14,1989.0,1.251885369532433,-0.3906249999999977,45372.0,2116.0
2021-04-15,2008.0,1.4840637450199181,0.9552538964303671,54559.0,2100.5
2021-04-16,2018.0,1.3082259663032751,0.523038605230386,79935.0,2074.0
2021-04-19,1996.2,4.012623985572583,-0.4389027431421424,54178.0,2084.5
2021-04-20,1981.0,2.5037859666834885,-0.9103641456582656,51239.0,2041.5
2021-04-21,2012.5,3.1801242236024847,1.5081206496519768,53321.0,2062.0
2021-04-22,2072.5,2.316043425814234,2.0182131429977845,71137.0,1930.8
2021-04-23,2107.0,2.2069292833412435,1.984511132623427,74742.0,1974.8
2021-04-26,2116.0,1.7958412098298677,0.5703422053231939,46443.0,1888.8
2021-04-27,2100.5,2.0947393477743397,-0.9431737797689225,62015.0,1913.0
2021-04-28,2074.0,2.4831243972999033,-0.2644866554460207,64601.0,1840.0
2021-04-29,2084.5,3.454065723195011,0.16818837097549255,66279.0,1779.0
2021-04-30,2041.5,2.620622091599314,-1.9452449567723344,48720.0,1674.6
2021-05-03,2062.0,2.3520853540252182,0.5118206190592249,56352.0,1706.4
2021-05-04,1930.8,7.064429252123477,-6.589259796806969,90983.0,1701.2
2021-05-05,1974.8,2.086287218958873,1.500822368421055,52805.0,1699.0
2021-05-06,1888.8,5.019059720457431,-4.364556962025318,88749.0,1754.8
2021-05-07,1913.0,2.885520125457399,0.6524255498263755,78771.0,1709.2
2021-05-10,1840.0,3.8478260869565193,-3.5234899328859086,67679.0,1801.4
2021-05-11,1779.0,3.3501967397414227,-1.1666666666666667,136251.0,1845.0
2021-05-12,1674.6,7.428639675146309,-5.8155230596175524,117974.0,1862.2
2021-05-13,1706.4,5.754805438349744,2.4249699879952034,130690.0,1906.4
2021-05-14,1701.2,4.020691276745832,-1.1849442379182078,94880.0,1908.6
2021-05-17,1699.0,2.64861683343143,-0.5502224303441869,59218.0,1888.0
2021-05-18,1754.8,2.8949167996352836,2.0351203628328878,72260.0,1902.2
2021-05-19,1709.2,2.6796161947109733,-1.713628522139158,74408.0,1890.4
2021-05-20,1801.4,4.651937382036191,4.127167630057809,85640.0,1899.2
2021-05-21,1845.0,4.086720867208665,1.8436741002428845,127780.0,
2021-05-24,1862.2,1.7506175491354385,0.9322493224932273,46068.0,
2021-05-25,1906.4,2.2870331514897138,1.3503455608718815,110142.0,
2021-05-26,1908.6,1.7709315728806432,-0.49009384775808607,74872.0,
2021-05-27,1888.0,3.0190677966101696,-1.5333263794722065,203144.0,
2021-05-28,1902.2,1.839974766060351,0.22128556375131955,54316.0,
2021-05-31,1890.4,1.3753702920016926,-0.6203343497003445,30593.0,
2021-06-01,1899.2,2.9064869418702637,0.25337837837837596,77935.0,
